id,first_name,last_name,email,gender,ip_address,movie_title
1,Lindsey,Ebbings,lebbings0@devhub.com,Male,182.16.234.43,Boulevard
2,Timmy,Galfour,tgalfour1@ucoz.com,Male,228.121.97.61,Antarctica
3,Nickolas,Aves,naves2@icio.us,Male,123.83.168.226,The Returned
4,Tammi,Heynen,theynen3@auda.org.au,Female,26.56.87.168,Safe House
5,Chevy,Sherr,csherr4@phoca.cz,Male,203.120.76.183,Not My Type
6,Crawford,Quarrell,cquarrell5@deliciousdays.com,Male,239.104.241.219,The Arrival of Wang
7,Verine,Inston,vinston6@wikipedia.org,Female,147.134.138.197,My Brother the Terrorist
8,Barbe,Hadeke,bhadeke7@noaa.gov,Female,55.21.117.49,Strategic Air Command
9,Allard,Poynser,apoynser8@cnbc.com,Male,220.58.244.212,The Last Farm
10,Malva,Edgington,medgington9@ted.com,Female,200.19.134.217,"Girlfriend Experience, The"
